1.109445610202108412e+00,-1.391416015470697687e+01,-4.702319386482120223e+00,-8.971885745299042370e+00,7.537293439667468675e+00,-3.736194955944789786e+00,-1.567812240932702750e+01,2.117615992609684028e+01,1.264560209073478347e+01,-3.198360662414515332e+00,-4.797445446001104230e+00,-1.769364605188955109e+00,-1.899717608369325461e+01,-6.794297299044908200e+00,1.346556670450462789e+00,-1.731612855656738725e+00,2.006215281848244913e+01,-7.785758803000256023e+00,-1.041337213355912361e+01,-1.070416049087688570e+01,-1.130173124807051233e+00,-6.407268249097802126e+00,-6.226124549842023725e+01,-8.938788127133701522e+00,4.559286713186460060e-01,7.152196006833772657e+00,-6.127579445538978931e+00,7.053407556798071631e+00,3.473065207103006369e+00,5.838023254268894568e+00,-1.527678739369071437e+01,1.006892407836187253e+01,-5.261262900915196994e+00,-1.322800344404769346e+00,-5.222007727341503980e+00,1.748781267469545142e+01,-2.241781349944005441e+01,1.279925638068472615e+01,-1.183883794863057126e+01,1.467630579391980739e+01,9.664588656838580150e+00,1.168480687776028404e+01,1.096986367308286958e+01,2.115618542214097531e+01,-9.749179489626808248e+00,-9.490213113087346386e+00,-1.079943841881407174e+01,7.381076433494300204e+00,-1.905312127377667863e+01,1.036439796781860068e+01,-5.545125803082555649e+00,-1.507837068726857765e+01,-1.227123074070838449e+01,-9.329113236357699179e+00,-1.706373419946863024e+01,1.078211250321112091e+00,4.814128451952500498e+00,1.182885385231990227e+01,-9.307187610885275575e+00,1.434867798276455497e+00,1.090719749629393442e+00,5.395643222708761400e+00,2.406430638580508763e+00,-5.163929242613602533e+00,-2.247253220112876093e+01,-6.173713702041583318e+00,1.736847314534030851e+00,-8.710063416041327500e+00,-3.652999552511524861e+00,-1.522824229826738751e+01,-6.164160539181448684e+00,6.678030875358555107e+00,2.238952496980292750e+01,-1.511129027962817517e+01,3.215623460252428067e-01,-1.669375970286838395e+01,-4.221732155353697280e+00,-4.253758684221172537e+00,5.280807369563339293e+00,1.034315233105652432e+01,-2.948376179572466338e+00,-4.749476083302327289e+00,5.502404700311427810e+00,2.021934193062278506e+00,1.000950778217104364e+01,-1.782364159492610867e+01,1.933863604826789739e+01,-1.070207683500980345e+01,-1.477884065840501826e+01,-5.786860586158432795e+00,-1.234650148072944731e+01,3.753986164859779873e+00,-4.970171162105029516e+00,3.190820386869480885e+00,-1.224677412693992373e+01,0.000000000000000000e+00,0.000000000000000000e+00,0.000000000000000000e+00,1.000000000000000000e+00,0.000000000000000000e+00,1.000000000000000000e+00,0.000000000000000000e+00,1.000000000000000000e+00,0.000000000000000000e+00,0.000000000000000000e+00,0.000000000000000000e+00,0.000000000000000000e+00,0.000000000000000000e+00,1.000000000000000000e+00,0.000000000000000000e+00,0.000000000000000000e+00,1.000000000000000000e+00,0.000000000000000000e+00,0.000000000000000000e+00,0.000000000000000000e+00,0.000000000000000000e+00
9.169334839330558484e-01,-1.105063791454306177e+01,-4.710859879083628243e+00,-8.060858115690626491e+00,7.742857673843203337e+00,-1.663834831337233755e+00,-1.313141629833813262e+01,2.311676017621847024e+01,1.336442767966474854e+01,-6.693617207838512329e+00,-6.083022663863843604e+00,6.742347224479185108e+00,-1.637687026294201686e+01,-1.085193166550565635e+01,8.507369088881590713e+00,-1.985880528406094025e-01,1.927497811064477773e+01,-6.376150962779313147e+00,-1.225423604962785973e+01,-1.287934274560535641e+01,-1.357348647877852477e+00,-1.972840260939702439e+00,-5.702013437188761458e+01,-3.412989038678550191e+00,1.710305660307772424e+00,1.360724482496862819e+01,8.208377892750677862e-01,1.012235591564020432e+00,3.245250164162513773e+00,9.082812495286386678e+00,-1.359755356899152368e+01,4.071185327724052172e+00,-7.506686538470413339e+00,1.583337009994073563e+00,-1.803743808008153593e+00,1.732498124446255972e+01,-2.673392977204110110e+01,1.438518681784459119e+01,-7.522095341551946035e+00,1.023450817567579207e+01,1.429887288170189841e+01,1.422656008481271606e+01,8.511859187957277584e+00,2.423834569074612943e+01,-6.476426299809530995e+00,-3.473227957444708913e+00,-1.108660074811971441e+01,8.830630877802086331e+00,-1.459738028293189060e+01,9.227264003886288535e+00,-2.406378736662308171e+00,-1.602446504809766026e+01,-1.275388772938529769e+01,-6.616856192641152212e+00,-1.469552620455602998e+01,3.461002579931260925e+00,1.238159458967977145e+01,1.024577369001653970e+01,-5.785822454264707204e+00,4.944384128995523930e+00,3.281313227357187223e+00,6.845377812532734474e+00,6.278154389862673490e+00,-5.708619769542971900e-01,-1.947750044410082282e+01,5.880619660525674419e-01,-4.388292497556726346e+00,-6.268673650420614862e+00,-1.148093323974732183e+00,-1.617971388135884325e+01,-7.831056108984713937e+00,4.883381668325766256e+00,2.137643093300209429e+01,-1.086570119173126159e+01,4.969219287814688357e+00,-9.426840903821149809e+00,-1.049784863621973763e+00,-3.627843645246875415e+00,9.899260025313441957e+00,9.275580661404319471e+00,-2.571271941196310529e+00,-1.269602741992869877e-01,1.337272092567254056e+01,-1.049656666422228879e+00,2.108043483988042865e+01,-1.541938513102133435e+01,2.129832047739000345e+01,-1.163372267154542072e+01,-9.875174050283039406e+00,-1.906504660557865272e+00,-1.373248229596904046e+01,4.471722567333549669e+00,-4.716479565051829859e+00,1.020026263827863211e+00,-1.001134680672006994e+01,1.000000000000000000e+00,0.000000000000000000e+00,0.000000000000000000e+00,0.000000000000000000e+00,0.000000000000000000e+00,1.000000000000000000e+00,1.000000000000000000e+00,0.000000000000000000e+00,0.000000000000000000e+00,0.000000000000000000e+00,0.000000000000000000e+00,0.000000000000000000e+00,0.000000000000000000e+00,0.000000000000000000e+00,1.000000000000000000e+00,0.000000000000000000e+00,0.000000000000000000e+00,0.000000000000000000e+00,0.000000000000000000e+00,1.000000000000000000e+00,0.000000000000000000e+00
6.643916120268875680e+00,-1.267468054366539931e+01,-1.926977450614897558e+00,-1.806266513741306312e+00,1.094547768628064333e+01,-9.793221917829182388e+00,-1.916673589634493169e+01,1.866833297630352106e+01,1.475189059191971275e+01,-7.862497627565503855e+00,-2.987172899634299217e+00,1.877915389183056893e+00,-1.766073915959378127e+01,-1.010030086648947645e+01,1.960471554109170400e+00,-2.818019610803744746e-01,2.422963858021282135e+01,-5.834920662051360729e+00,-1.062875360011047299e+01,-1.017990913506464778e+01,-5.457028785267716842e-01,-2.362851918241090921e-01,-6.147206286386415997e+01,-7.123259635809244372e+00,-1.231743567192195021e-01,9.539760181530219540e+00,1.274730962767038900e-01,3.793628455567640945e+00,2.547777048781017406e+00,8.628540248677413871e+00,-1.612041336168982752e+01,9.792497217355560224e+00,-1.383289711551166201e+00,8.301432739738739741e+00,-2.800907444128047263e+00,1.659207646120394841e+01,-2.354973133746771197e+01,1.543498242832415634e+01,-9.757683512464396358e+00,2.085078990831118517e+01,1.559822929090013055e+01,1.073971815218970249e+01,1.080577186698702441e+01,2.573620062864692315e+01,-9.230660100760555764e+00,-5.645540048590680371e+00,-7.729244554575519288e+00,9.023479470523849244e+00,-1.279699763468774876e+01,1.185445558647741038e+01,-3.955479317002350115e+00,-1.044873842908472739e+01,-1.289627314744036646e+01,-6.811291575298769274e+00,-1.413494931164937185e+01,3.606430400971077699e+00,6.384246693911036274e+00,1.338998449527500156e+01,-5.713574114836912798e+00,7.127520418918367184e+00,2.394483625456783893e-01,5.475766747165894621e+00,3.400134322169045653e+00,-1.232137058181704159e+00,-1.970412736193748771e+01,3.016596353748166037e-01,2.597913265899170002e-02,-9.070651063082939558e+00,-6.103873552075120834e-01,-1.120786003723860880e+01,-4.324606642590589800e+00,6.771308344898793408e+00,2.351264523218140567e+01,-1.180431793981638044e+01,-6.673249572334892799e-01,-1.313537476565572071e+01,-2.319737073013691031e+00,1.868156307367025981e-01,1.294685688038608440e+01,1.108530884603866085e+01,-1.026538863671617285e+00,-1.285712766397915541e+00,1.565514460480271985e+01,4.030538999041698212e+00,1.899078974152309840e+01,-1.759949362513723514e+01,1.986871257367930710e+01,-4.130886366038808433e+00,-1.115316432045654338e+01,4.853174497348408112e-01,-1.166018452704643060e+01,7.837180138399430618e+00,-3.971868189414414552e+00,4.392071838764257663e+00,-8.730775886401035635e+00,0.000000000000000000e+00,1.000000000000000000e+00,0.000000000000000000e+00,0.000000000000000000e+00,0.000000000000000000e+00,1.000000000000000000e+00,0.000000000000000000e+00,0.000000000000000000e+00,0.000000000000000000e+00,0.000000000000000000e+00,1.000000000000000000e+00,1.000000000000000000e+00,0.000000000000000000e+00,0.000000000000000000e+00,0.000000000000000000e+00,0.000000000000000000e+00,0.000000000000000000e+00,0.000000000000000000e+00,0.000000000000000000e+00,1.000000000000000000e+00,0.000000000000000000e+00
-2.819575803927742985e+00,-1.230226220947680815e+01,-9.530137155793019232e+00,-1.074083988343434015e+01,2.099693854725374287e+00,-7.959706658368688181e+00,-1.748088765998807048e+01,1.862431503175570668e+01,5.780920732634806214e+00,-8.513240569628479193e+00,-2.821005811719917933e+00,2.641121835567296738e+00,-2.120668841527276527e+01,-1.706375338593035451e+01,1.894552485160035049e+00,-5.581342563476181518e+00,1.591234163204138952e+01,-1.488368244219572034e+01,-1.756437192246105994e+01,-1.065681248680456505e+01,-5.149869326365154265e+00,-6.676955543086545042e+00,-6.747363266952693550e+01,-1.003695010477238370e+01,-1.690604566520803598e+00,4.611599520511831862e+00,-3.432921506080376162e+00,1.830758179219236004e+00,-2.660249114521580083e+00,6.458055084348032437e+00,-2.334020209187588080e+01,3.234750479714586291e+00,-8.190558489740553227e+00,-2.364121225606873100e+00,-9.103819787841720412e+00,1.232310233909742436e+01,-2.620713770655963870e+01,9.153732876423479325e+00,-1.532219234854225576e+01,1.360973223646898411e+01,7.435542818616256433e+00,6.103600668362842541e+00,6.666063422566205432e+00,2.061477804165746264e+01,-1.108718486477012810e+01,-1.454653368444655648e+01,-8.808767228085084611e+00,8.200755361479391325e+00,-1.796410247553321327e+01,8.096610085894111464e+00,-4.242711139085432848e+00,-1.091926833973387190e+01,-2.207263935260699128e+01,-1.355760262694292351e+01,-2.254143117434558263e+01,-1.121011522243530401e+00,5.173698219045322233e+00,2.207377985668772524e+00,-8.605629534731905395e+00,-1.182278915323769011e-02,-5.616086547797944029e+00,6.215140717647248181e+00,5.656683144603254831e+00,-2.447950169049324387e+00,-2.471047771212636945e+01,-5.749332852015936801e+00,-3.955079477074845418e+00,-1.213958668829236309e+01,-5.018556673457014838e+00,-2.028722222663056485e+01,-1.011874068554310568e+01,3.137851746090384086e+00,1.734469764923345281e+01,-1.627469377893227431e+01,-1.020003222921624486e+00,-1.514486458398562085e+01,-7.813693070556796627e+00,-7.854187164345674432e+00,2.146155297525531580e+00,4.694146145655503588e+00,-4.835458287911509778e+00,-5.756875280800584527e+00,1.382992375780851191e+01,5.080979845699826747e-01,1.038248497233970191e+01,-2.290360646542918488e+01,1.430814282604649001e+01,-5.386919168964105609e+00,-1.289356471706565976e+01,-7.936730976510279589e+00,-1.475682444333395082e+01,2.024182699063989510e+00,-6.737198172172227828e+00,-1.776852965946433383e+00,-1.404079555677284219e+01,0.000000000000000000e+00,0.000000000000000000e+00,1.000000000000000000e+00,0.000000000000000000e+00,0.000000000000000000e+00,1.000000000000000000e+00,1.000000000000000000e+00,0.000000000000000000e+00,0.000000000000000000e+00,0.000000000000000000e+00,0.000000000000000000e+00,0.000000000000000000e+00,0.000000000000000000e+00,0.000000000000000000e+00,0.000000000000000000e+00,1.000000000000000000e+00,0.000000000000000000e+00,1.000000000000000000e+00,0.000000000000000000e+00,0.000000000000000000e+00,0.000000000000000000e+00
3.285763857657499898e-01,-1.422989533641884208e+01,-6.578904395222791912e+00,-9.664984488686279462e+00,5.870080991103002077e+00,-9.302007126546155691e-01,-1.843868079583734243e+01,1.881037248621486668e+01,1.251213040228209117e+01,-6.379061635103705719e+00,-3.108974005508686744e+00,2.550822697797566541e+00,-1.870888313332561737e+01,-1.147686420932903140e+01,5.426119447201582346e+00,-2.190720228019973348e+00,1.747456719528502589e+01,-8.827724197006414641e+00,-1.411376724701513652e+01,-1.258639364890735202e+01,-1.010979105790064114e+00,-5.617660830688913087e+00,-6.132147206651156068e+01,-6.721465651499354266e+00,1.004692133707781432e+00,8.567113317819957885e+00,2.526604478274769860e-01,3.860303975964721079e+00,1.722741751614125905e+00,7.499311081978025761e+00,-1.524435695358241993e+01,8.345432111274103448e+00,-4.827827431153288273e+00,1.064928911614201557e+00,-6.012708225714454180e+00,1.754658395757003220e+01,-2.328348930072194634e+01,1.054455804031236354e+01,-1.094633865098758996e+01,1.475485757467668613e+01,1.018058183184601795e+01,1.263437045334170428e+01,1.089177998374848322e+01,2.162341361710169707e+01,-1.132659828648566247e+01,-8.414653923121402812e+00,-1.381708704116124053e+01,9.758111153627419654e+00,-1.947141118034380369e+01,9.708729743241844901e+00,-5.612985733080824602e+00,-1.292619536775234224e+01,-1.175228140323516790e+01,-8.579747454488966696e+00,-2.007272430352510995e+01,-2.308323073608052667e+00,3.241706432132262172e+00,8.355395306965313296e+00,-8.830318613666349847e+00,2.223384351251846525e+00,-7.773989848601700281e+00,5.748226391206552321e+00,1.289729357063188697e+00,1.405022582745216297e+00,-2.480096305506306109e+01,-1.232460818864328012e+00,-1.792883049091200220e+00,-1.146530524291095432e+01,-3.671297202140365812e+00,-1.878875483946512404e+01,-6.256905723095557370e+00,5.456560455719407621e+00,2.281905714057613110e+01,-1.250423224216069151e+01,1.448866532828930964e+00,-1.187783790575569043e+01,-5.059817104615325078e+00,-4.898681138177957806e+00,5.724582767057594168e+00,1.016960003964952719e+01,-1.994954679359310923e+00,1.484855647726716299e+00,1.119453357323027376e+01,1.055509059401248173e+00,1.537437115919779629e+01,-1.790994016111784504e+01,1.514284062155459587e+01,-8.142875269970742735e+00,-1.188102176911069030e+01,-1.852849042465859242e+00,-1.426715438285573256e+01,2.798153464042904215e+00,-1.631591501133371924e+00,3.959865236525778265e+00,-1.331319786951252482e+01,0.000000000000000000e+00,1.000000000000000000e+00,0.000000000000000000e+00,0.000000000000000000e+00,0.000000000000000000e+00,1.000000000000000000e+00,0.000000000000000000e+00,0.000000000000000000e+00,1.000000000000000000e+00,0.000000000000000000e+00,0.000000000000000000e+00,1.000000000000000000e+00,0.000000000000000000e+00,0.000000000000000000e+00,0.000000000000000000e+00,0.000000000000000000e+00,0.000000000000000000e+00,0.000000000000000000e+00,1.000000000000000000e+00,0.000000000000000000e+00,0.000000000000000000e+00
-9.292129065133080124e-01,-8.792374731263226550e+00,-2.380436455423575293e+00,-4.873642231450053153e+00,1.136726257504730597e+01,-6.786871018509613052e+00,-1.468685552061954169e+01,2.008384734080706480e+01,1.355185031667729056e+01,-4.838654979452225113e+00,-6.818321551035623429e+00,4.557453406713215749e+00,-2.119507989937767078e+01,-1.281085507578088922e+01,7.186691285845248522e+00,-1.999789080224376070e+00,2.506696250576176155e+01,-3.407411462460645080e+00,-1.326770649075553266e+01,-1.013670436418948384e+01,-1.430649455471877385e+00,-2.764496213386498091e-01,-5.932316371562080093e+01,-4.794267063588551814e+00,-1.246705642628332056e+00,9.465464576007629915e+00,-2.832717080234124829e+00,6.176124799352145089e+00,4.356350330360892364e+00,1.084127915674774201e+01,-1.492623108502808371e+01,6.076045785711607472e+00,-1.371685672038791326e+00,2.508743627041719382e+00,-8.125898752629613142e+00,2.025428455501592495e+01,-2.183460769583866679e+01,1.871246960711780005e+01,-7.552840597060638927e+00,1.712058812344129066e+01,1.101532297981303543e+01,9.696656110814380725e+00,8.538078498975973929e+00,2.541720312915152036e+01,-7.047434941437051847e+00,-6.310410824486453407e+00,-7.045629452875441068e+00,7.792831077518657779e+00,-1.280797036259800059e+01,8.884674821308259141e+00,-5.134406053914943868e-01,-1.329265125838098882e+01,-9.580309763498432218e+00,-1.051251816923828741e+01,-1.920206470586150260e+01,6.338346911877759560e+00,8.864618615683145464e+00,1.044876387975919840e+01,-7.134505716734753200e+00,2.282519633907104328e+00,4.565853863754378850e-01,7.338947950961766331e+00,6.579220400866965690e+00,2.313457244200010532e+00,-1.789543150178774411e+01,-2.799478955478559072e+00,1.356347893695944107e+00,-9.369666538819455326e+00,-5.205099316320309200e+00,-1.664582997365656070e+01,2.111650548382688064e-01,2.033126058838549799e+00,2.575260368910107900e+01,-1.099982014015565923e+01,-5.408912256012083475e+00,-1.058164196316745809e+01,-1.631987192582751600e+00,-3.631333729150167056e+00,9.989072384672139648e+00,1.135343169669519447e+01,-4.923098984378632359e+00,-7.043761311590063245e-01,1.106453553456891647e+01,-2.195580707723835623e+00,1.543323658683240041e+01,-1.838322489827344697e+01,1.927162451400429433e+01,-8.776763536166036772e+00,-1.756222617518359641e+01,-1.102584725076499045e-01,-1.425225393530162776e+01,4.805373372262303100e+00,-6.971419034974315032e+00,-1.235709161757984509e+00,-7.494401277968276709e+00,0.000000000000000000e+00,0.000000000000000000e+00,1.000000000000000000e+00,0.000000000000000000e+00,0.000000000000000000e+00,1.000000000000000000e+00,0.000000000000000000e+00,0.000000000000000000e+00,0.000000000000000000e+00,1.000000000000000000e+00,0.000000000000000000e+00,1.000000000000000000e+00,0.000000000000000000e+00,0.000000000000000000e+00,0.000000000000000000e+00,0.000000000000000000e+00,1.000000000000000000e+00,0.000000000000000000e+00,0.000000000000000000e+00,0.000000000000000000e+00,0.000000000000000000e+00
-1.104483258509020988e-01,-9.473751310911664447e+00,-2.851749478800907234e+00,-2.040783598320222048e+00,8.947066602226328769e+00,-3.414243482676922348e+00,-1.086592492902997797e+01,2.388625205949863073e+01,1.598468869063253628e+01,-6.187897893907265967e+00,3.421841055071896953e-01,7.105122820261652095e+00,-1.833489073720206264e+01,-7.617741837198948041e+00,5.360996429770290561e+00,-6.622072010917458007e-01,2.058766343472931837e+01,-7.666938468050711109e+00,-1.631644881796056268e+01,-8.834042165047506501e+00,-2.732458686073676590e-01,9.580503998283111944e-01,-5.964450950116857797e+01,-6.879356303183352672e-01,6.083967275666729568e-01,1.026588560093513536e+01,-3.994672542803060722e+00,9.117018002826307921e+00,8.239742137965674118e+00,7.082410259632347937e+00,-1.428310043109391536e+01,8.068944089705135880e+00,-1.890065938658775924e-01,3.306089211574357201e+00,-4.021578307654465334e+00,1.781859044265532788e+01,-2.462161127533848415e+01,1.856601927973825639e+01,-6.403954152761044405e+00,2.026197394460827894e+01,1.241023441103382474e+01,1.215454846551371126e+01,1.126614607324607142e+01,2.943547344101411056e+01,-4.161238528450576624e+00,-6.361808206155884271e+00,-2.638751109251796123e+00,1.232522443110928734e+01,-1.187248466719955076e+01,1.506734679284961764e+01,-4.615291460208230667e+00,-9.896412104900853990e+00,-1.020083174591647790e+01,-8.615183770012839304e+00,-1.253308968207949015e+01,2.350502377926591002e+00,8.178049818387354009e+00,1.068208639143648675e+01,-4.084513423121507003e+00,6.380290438944271614e+00,8.463149817090000193e-02,3.353887476576494997e+00,6.080724307183831279e+00,8.949192434953630038e-01,-2.174266749482159256e+01,-3.023488116192327158e-01,2.514523622906120970e+00,-4.216936876125934930e+00,-7.464746800098923885e+00,-1.527279487324907414e+01,-2.835123130213861753e+00,7.449239547305637643e+00,2.334927644619396148e+01,-1.132189223397336875e+01,-1.106423098888891232e+00,-1.010511283904079960e+01,-3.843846714719174607e+00,-2.497686051048545686e+00,6.616132056488734037e+00,7.776614643131877891e+00,-4.498443250318724829e+00,-4.649964951195602936e+00,1.803401553357883458e+01,1.177379882666297561e+00,2.007721350091525281e+01,-1.606515105263405374e+01,1.952510416366250112e+01,-4.407145315818370435e+00,-1.109580113793258072e+01,-1.077289299077130336e+00,-1.495395083619030885e+01,4.361141014597011534e+00,-2.344408272750007960e+00,6.268785936962178340e+00,-9.693212996594450459e+00,0.000000000000000000e+00,0.000000000000000000e+00,0.000000000000000000e+00,1.000000000000000000e+00,0.000000000000000000e+00,1.000000000000000000e+00,0.000000000000000000e+00,0.000000000000000000e+00,0.000000000000000000e+00,0.000000000000000000e+00,1.000000000000000000e+00,0.000000000000000000e+00,0.000000000000000000e+00,0.000000000000000000e+00,0.000000000000000000e+00,1.000000000000000000e+00,0.000000000000000000e+00,1.000000000000000000e+00,0.000000000000000000e+00,0.000000000000000000e+00,0.000000000000000000e+00
3.538866334141628212e+00,-8.276319855343286847e+00,-1.488160722289642468e+00,-2.716661344005533163e+00,9.792799483787579362e+00,6.195828061883528193e-01,-1.042797957041772072e+01,2.388864701715916894e+01,2.153198260342253434e+01,-1.976065628347882353e+00,3.139533292476857529e+00,7.931477034469812892e+00,-1.451461566427100358e+01,-3.554390596094052945e+00,1.000139709671257826e+01,-3.816670846323161892e-01,2.411904016246063875e+01,-3.948845134321670169e+00,-5.924098992056428870e+00,-5.425814377279354339e+00,2.856138816089655030e+00,2.039530385449999095e+00,-5.908373366400177673e+01,-3.018432684054980442e+00,7.799634274030615266e+00,1.359228014289208453e+01,-8.012562538021330560e-01,7.594235343374899472e+00,6.937045339982216952e+00,1.056566456850640989e+01,-1.285147975367529938e+01,1.201080793214072351e+01,5.217517138858234205e+00,-6.281271527198684090e-01,-1.873853352387557569e+00,2.072689951561162047e+01,-2.134152376969273135e+01,2.051501277449763094e+01,-4.905379035960280909e+00,1.940711099054697186e+01,1.752173569350937044e+01,1.278159878221161172e+01,9.077914712922385831e+00,2.789632268515730473e+01,-4.403069462653684596e+00,-7.200816450761244880e-01,-5.399997632798447356e+00,1.247789165839712489e+01,-1.091420956573840861e+01,1.118921529173044327e+01,3.981450556629086424e-01,-9.302051642357479722e+00,-1.201681575027146032e+01,-5.665600110927405453e+00,-1.225200150463490267e+01,1.036211131502485117e+01,1.006373042362340087e+01,1.163608912582415655e+01,-1.950646705912777001e+00,8.954538810393158244e+00,3.067724945045410045e+00,6.871422087860205252e+00,7.656909575117563982e+00,4.580315206910052339e+00,-1.919199559615030282e+01,8.704624326434352577e-01,5.168399511047400807e+00,-3.159758060686872483e+00,-2.356439898473106531e+00,-1.456338291799330342e+01,-6.816853510013930195e-02,5.473219227946522381e+00,2.455714816408767831e+01,-1.334167373872693929e+01,1.026836294497869950e+00,-6.436380355460269875e+00,2.230117026780248590e+00,7.621470052414500707e-01,9.462259413701149313e+00,1.192040975732669139e+01,-4.794784541951305101e+00,1.313130504111773122e+00,2.013408931097434973e+01,5.078533555935776711e+00,2.040759060602364272e+01,-1.878129803127157516e+01,2.318217281176784539e+01,-5.754542843508851035e+00,-9.085121043959118126e+00,2.249417850389635820e+00,-1.267821329598861979e+01,6.961629109071648891e+00,-2.495852864749176447e+00,9.858417082325196645e+00,-7.877743611820188896e+00,0.000000000000000000e+00,1.000000000000000000e+00,0.000000000000000000e+00,0.000000000000000000e+00,0.000000000000000000e+00,1.000000000000000000e+00,0.000000000000000000e+00,0.000000000000000000e+00,1.000000000000000000e+00,0.000000000000000000e+00,0.000000000000000000e+00,0.000000000000000000e+00,0.000000000000000000e+00,0.000000000000000000e+00,1.000000000000000000e+00,0.000000000000000000e+00,0.000000000000000000e+00,0.000000000000000000e+00,0.000000000000000000e+00,1.000000000000000000e+00,0.000000000000000000e+00
3.885056198663224158e+00,-9.967047933628998990e+00,-5.107642512166949977e+00,-6.555449806467796847e+00,1.212068638925058472e+01,-3.253387043782644650e+00,-1.198360792137680342e+01,2.515245355338480948e+01,9.986395208584724514e+00,-5.221032718570782549e+00,-8.517638027699478975e-01,4.546517486061755875e+00,-1.549401416504784024e+01,-7.924066879855161893e+00,9.234249415782358028e+00,-2.366143644313119521e-01,2.357830307861755159e+01,-2.674838686569482427e+00,-1.311041287624244056e+01,-5.194958660913211901e+00,9.565540964876679819e-01,-1.372090059079033919e+00,-6.460635311579977724e+01,-3.799057691685506999e+00,-7.133292173287760773e-01,7.850463683956628635e+00,-2.921860846096524966e+00,2.171149712021906986e+00,8.909059502521552432e+00,6.888500215216517120e+00,-1.313955976368922229e+01,1.143149127204729965e+01,2.994768584278844070e-01,2.500761175394087488e+00,-1.026691179126925757e+00,1.607241950406002573e+01,-2.289086988266105394e+01,1.425067077815642058e+01,-2.062294348763740182e+00,1.590290254475326570e+01,1.293289694948892077e+01,1.089269636935106433e+01,1.338462655668711676e+01,2.554430797125635522e+01,-4.871142045415354893e+00,-3.142033550907002315e+00,-8.477532406378616159e+00,1.269818256011911117e+01,-1.306856924717662594e+01,1.070069892700593428e+01,-1.680123643394143773e+00,-1.033103486297396323e+01,-9.373675952449698201e+00,-9.140548391823420715e+00,-1.830729754743784810e+01,7.324891079135447569e+00,1.021020324300873838e+01,1.388564974364411597e+01,-7.198622692880944030e+00,2.931398239141639994e+00,-3.924520489689331981e+00,5.310241597130133329e+00,4.909828925419849277e+00,2.610477969901097595e+00,-2.120450970956754233e+01,-3.661328103684300839e+00,3.177873533572765918e-01,-6.814127300333058912e+00,-6.231187746825390228e+00,-1.272938428432791191e+01,-1.522238075528797641e+00,5.468319276552802144e+00,2.468827069228366256e+01,-8.280168418287313870e+00,-3.236074536314001993e+00,-9.278252992362881812e+00,-3.605021100757126895e+00,-2.195417724943924398e+00,9.813900033116183863e+00,1.100470421613851002e+01,1.064701144365529650e+00,3.416730188909600674e+00,1.532724113337458860e+01,4.263903483582597076e+00,1.587257414830557423e+01,-1.518970981770445583e+01,2.030793774685462694e+01,-3.238569261957275902e+00,-1.260110816881574713e+01,-3.266634351229936173e-01,-1.221562859044345650e+01,1.208600223498119908e+00,-6.938717161848533266e-01,2.349840816925531151e+00,-1.071290351234011418e+01,0.000000000000000000e+00,1.000000000000000000e+00,0.000000000000000000e+00,0.000000000000000000e+00,0.000000000000000000e+00,1.000000000000000000e+00,0.000000000000000000e+00,1.000000000000000000e+00,0.000000000000000000e+00,0.000000000000000000e+00,0.000000000000000000e+00,0.000000000000000000e+00,0.000000000000000000e+00,1.000000000000000000e+00,0.000000000000000000e+00,0.000000000000000000e+00,0.000000000000000000e+00,1.000000000000000000e+00,0.000000000000000000e+00,0.000000000000000000e+00,0.000000000000000000e+00
6.359019359014778772e+00,-1.336711999235683557e+01,-2.483750490053358462e+00,-6.641890975265748231e+00,1.173353894138243270e+01,-4.536956570590295001e+00,-1.708536077506144224e+01,2.219476374942885499e+01,1.682788830100835042e+01,-1.036714196517010222e+01,-2.575165998236677023e+00,6.931511842228577969e+00,-1.791403553620638434e+01,-9.930802609147196591e+00,5.742802582865206951e+00,1.210533749257076463e+00,2.454465457772175085e+01,-6.981390280582365548e+00,-9.595464692867171408e+00,-1.405313573070830380e+01,1.630973827630629369e+00,1.292357392222510948e-01,-6.317305663727266563e+01,-3.279389592594077918e+00,-4.462631982624918892e-01,7.479394112124658989e+00,8.332470998236092274e-01,7.608039591075183239e+00,-5.890664646755165990e-01,9.683425251248612753e+00,-1.296815481426413363e+01,1.413267147001145929e+01,-1.643890220783855938e+00,9.154565943612283929e-01,-2.748891764829564544e+00,2.226617949983625877e+01,-1.934605690227655117e+01,1.619583023353946416e+01,-8.218791216350734175e+00,1.779175327400458428e+01,1.422369519330395171e+01,1.531578717148167179e+01,8.494451249690293082e+00,2.330755782698951961e+01,-6.005131513594632153e+00,-6.257254250216924163e+00,-1.202662620325189557e+01,6.802744362928292432e+00,-1.574338449208356039e+01,6.998979809910842675e+00,-3.495261969721494832e+00,-1.363531392676811649e+01,-1.074102856424059027e+01,-7.922074938260457166e+00,-1.608877609164106914e+01,5.116418095517165199e+00,7.814200781701114984e+00,1.160484862493851210e+01,-9.916862357439404363e+00,6.644631998258798689e+00,-4.054357819292009890e-01,7.451452074254760305e+00,9.796329954502608572e+00,1.692892206374997155e+00,-2.279609873700292511e+01,-6.603603220594513878e-01,1.298545345447676969e-01,-7.458982868359391283e+00,-4.829565786404032224e+00,-1.461607240983463285e+01,-3.301328723643694119e+00,3.571019187005820772e+00,2.538117533805266035e+01,-1.370205199853871925e+01,5.006116517550267986e+00,-8.554796946649162237e+00,3.292184315945704265e-01,-3.101655439746395349e+00,1.165772713393550220e+01,1.040373991536852571e+01,-5.768349658507599287e+00,3.284017999965482826e+00,1.244029432095764065e+01,-1.155028789176519924e-02,1.683209214653735941e+01,-1.779173392107832541e+01,2.071006468084297225e+01,-6.390468870041509319e+00,-1.087124281689646565e+01,1.881514063606799070e+00,-1.020088766440933625e+01,3.980048023907701626e+00,-4.433273918154409188e+00,-1.473722770466797005e+00,-9.839529069203539535e+00,0.000000000000000000e+00,0.000000000000000000e+00,0.000000000000000000e+00,1.000000000000000000e+00,0.000000000000000000e+00,1.000000000000000000e+00,0.000000000000000000e+00,1.000000000000000000e+00,0.000000000000000000e+00,0.000000000000000000e+00,0.000000000000000000e+00,0.000000000000000000e+00,0.000000000000000000e+00,1.000000000000000000e+00,0.000000000000000000e+00,0.000000000000000000e+00,0.000000000000000000e+00,0.000000000000000000e+00,1.000000000000000000e+00,0.000000000000000000e+00,0.000000000000000000e+00
2.654724825035693847e+00,-1.021476741668355359e+01,-4.111663633084224223e+00,-5.153256687097719002e+00,1.029910990734469678e+01,-3.596054917969510711e+00,-1.288060137637828895e+01,2.204608251651540485e+01,1.913670051256271165e+01,2.483011419503586004e-01,-4.908162064759871157e-01,5.607747426407283520e+00,-1.685738271074785644e+01,-2.059312356039550984e+00,8.530850721489473543e+00,-9.773396260293989446e-01,2.540436574327602415e+01,-8.441383975463246259e+00,-9.659516728477768766e+00,-5.611525260071460686e+00,4.607040323375890090e+00,-2.404581637556029924e-02,-6.241754256416653135e+01,-1.918072425217939081e+00,3.995756399321006125e+00,8.479283916117264397e+00,-1.023184231714112935e-01,9.850408874257119862e+00,3.422040441587069992e+00,9.348050738155215811e+00,-1.834256096778682732e+01,1.148083738505864559e+01,-1.082007693673188026e-01,-7.213875029394270499e-02,-3.232858470827833397e+00,1.856580014890377939e+01,-1.989917394916373894e+01,1.930280654224814540e+01,-9.020287547350376300e+00,2.072134504401063992e+01,1.566969471241965017e+01,1.212577294742161627e+01,1.163133096324627402e+01,2.542550840456286920e+01,-4.918305302960755299e+00,-5.130209543474971490e+00,-6.459890363120385004e+00,9.517947591298646870e+00,-1.245660756556022442e+01,1.092962714258907653e+01,2.406086916132179621e+00,-8.599964590822406052e+00,-7.886220382996265599e+00,-8.632600510779036895e+00,-1.666740080468614948e+01,4.402394594309723352e+00,9.572246825832733563e+00,1.132288376075558922e+01,-7.087959334205771178e+00,7.599134957277723146e+00,4.418377320997525004e+00,7.769328430382381967e+00,6.429646569212135176e+00,9.171190027474608319e-01,-2.190876605821620160e+01,-6.735080282387790884e-01,2.409429847093459642e+00,-1.019818542666843442e+01,-1.488150410571488003e+00,-1.394207560799592116e+01,-1.718707626822950196e+00,4.383540923352538421e+00,2.142065037687152440e+01,-9.083252628766791403e+00,3.515347540276896776e+00,-1.093018736191116780e+01,1.756193655117255004e+00,-6.976802002097514332e+00,1.257787717122589122e+01,1.040982237346934447e+01,-7.229753658168379393e-02,3.902725383621851174e-01,1.370992270933476220e+01,7.841522550282775228e+00,1.388150032049516369e+01,-1.656962485990082001e+01,1.697507101037241739e+01,-5.436614448303031644e+00,-9.164308584146290571e+00,-1.701922772953909702e+00,-8.766429402502424750e+00,1.071287404530912468e+01,-7.208654653681481506e+00,3.097973350817883720e+00,-1.059046750119982150e+01,0.000000000000000000e+00,0.000000000000000000e+00,0.000000000000000000e+00,1.000000000000000000e+00,0.000000000000000000e+00,1.000000000000000000e+00,1.000000000000000000e+00,0.000000000000000000e+00,0.000000000000000000e+00,0.000000000000000000e+00,0.000000000000000000e+00,0.000000000000000000e+00,0.000000000000000000e+00,0.000000000000000000e+00,0.000000000000000000e+00,1.000000000000000000e+00,1.000000000000000000e+00,0.000000000000000000e+00,0.000000000000000000e+00,0.000000000000000000e+00,0.000000000000000000e+00
-3.757142904055518762e-01,-1.419891999674869965e+01,-5.628763758891769164e+00,-1.332023151389095261e+01,8.851674852829180651e+00,-3.684932255733930795e+00,-1.247704135439445672e+01,2.467706559776749131e+01,1.188573742035787184e+01,-7.190035851800024247e+00,-4.931660794420181126e+00,-1.151961671199084103e+00,-1.999539193675246551e+01,-7.415511418055737991e+00,6.933102389635232399e+00,-3.073878162397755354e+00,1.661670149945050667e+01,-9.181112997520591179e+00,-1.068772661170369531e+01,-1.342776647015642233e+01,-3.633847009492034985e-01,-6.690429037307014326e+00,-6.062658483579237867e+01,-4.364983389277893977e+00,6.576231196981699445e-02,1.222442726260118029e+01,-5.659538233361873338e+00,3.872027462978938406e+00,3.706509160081512100e+00,1.011705292683694957e+01,-1.632402867670213809e+01,8.579782650941591982e+00,-3.335021521351309470e+00,-6.445541655424590066e-02,-5.807928469820825335e+00,1.718808958496826378e+01,-2.621933684143895604e+01,1.374919491786214820e+01,-1.343167505506564474e+01,8.631511001912812731e+00,1.019560496368159619e+01,8.723881493571305157e+00,6.156971850977235761e+00,2.179027593644938676e+01,-7.791800073988372155e+00,-1.149254285370554207e+01,-1.231443562167694239e+01,8.642218422033417724e+00,-1.953515192877050310e+01,9.037828511879464344e+00,-7.639083973750551593e+00,-1.590052938495136203e+01,-1.360573751699712020e+01,-1.048135848398794323e+01,-1.774474980394495205e+01,3.974658874081938187e+00,1.134197506218433205e+01,7.197407969238264869e+00,-8.365403685921855015e+00,4.535956361112177149e+00,-1.201945354576597902e+00,8.434442490921508551e+00,3.189976440989994000e+00,-3.408608687209177646e+00,-2.470303604249718887e+01,-4.024653733444861992e+00,1.825659324248385118e-01,-6.666811013513867401e+00,-3.982939575339237592e+00,-1.647643299738221145e+01,-3.456737957755853241e+00,3.849801845033728132e+00,2.334865356295955152e+01,-1.284966693106719582e+01,8.483477027108989876e-01,-1.084413819963898717e+01,-4.451702476061353941e+00,-4.071223108981783412e+00,6.282184856376263227e+00,1.237684855964977970e+01,-9.201627794168363295e+00,-2.779006269962451370e+00,7.574367757626612629e+00,1.557408447291837694e+00,1.126607424931182244e+01,-1.956462418553935123e+01,1.668970723700175540e+01,-1.225075750098003269e+01,-1.459535821047342452e+01,-1.432007439104300950e+00,-1.368841421579320006e+01,5.552908943220267624e+00,-1.975167476279691581e+00,1.684618996617893050e+00,-9.478724241288180252e+00,0.000000000000000000e+00,0.000000000000000000e+00,1.000000000000000000e+00,0.000000000000000000e+00,0.000000000000000000e+00,1.000000000000000000e+00,0.000000000000000000e+00,1.000000000000000000e+00,0.000000000000000000e+00,0.000000000000000000e+00,0.000000000000000000e+00,0.000000000000000000e+00,0.000000000000000000e+00,0.000000000000000000e+00,1.000000000000000000e+00,0.000000000000000000e+00,0.000000000000000000e+00,0.000000000000000000e+00,1.000000000000000000e+00,0.000000000000000000e+00,0.000000000000000000e+00
2.350830651493925227e+00,-7.931641273259209868e+00,-3.022660906056202634e+00,-3.057469851010924167e+00,1.085456597470296813e+01,-6.355707886746628787e+00,-1.183623190423324445e+01,2.314926038635399053e+01,1.398254776817091560e+01,-2.140137011528655986e+00,-3.080998771301909578e+00,9.315640979724346238e+00,-1.605043560404479663e+01,-5.995820102474992197e+00,6.757195842212986747e+00,-3.266600272963249285e+00,2.662986916692070238e+01,-4.901092147498637530e+00,-1.268250689358365157e+01,-1.095431980139717254e+01,-5.702414564100974914e-01,-1.128758584314025093e+00,-5.968569707527910140e+01,3.745956454896086085e-01,-3.139119027564563069e-01,1.092664945617404015e+01,-3.259293757906471356e+00,7.051343097750453204e+00,1.003760093193141145e+01,1.228914290121679542e+01,-1.776510985426471123e+01,7.678277550757655945e+00,4.416928663792180743e+00,4.348374735346363096e+00,-2.477443489586041991e+00,1.690262924306024672e+01,-2.191667300903685245e+01,1.811094070388724475e+01,-5.295002649483944168e+00,1.748020983738750900e+01,1.478267048193431954e+01,1.100802076041267519e+01,1.039486029966455405e+01,2.674753360919736878e+01,-4.078580317557760182e+00,-5.167544948041681074e+00,-4.263110866239758323e+00,1.328114732671103226e+01,-1.312809068290517800e+01,1.235741606799915715e+01,1.708332013064546073e+00,-7.430932610629037427e+00,-9.215170486529689953e+00,-1.119405153824208732e+01,-1.639051753219824192e+01,9.146101197111736525e+00,1.635624965631005523e+01,1.311618632760994174e+01,-7.705369967620534055e+00,6.328871767739109089e+00,-2.553448477936460029e-02,8.433257563789023692e+00,6.578518428611909385e+00,3.279159188212577014e+00,-1.380903864691573268e+01,-1.614692224947291255e+00,3.804751683210505497e+00,-3.638319483559104839e+00,-8.915231738997364541e-01,-1.625724071806023119e+01,-4.535811508803964109e-01,1.066049036920405158e+01,2.111177408068731864e+01,-6.126449175043640949e+00,-2.954953209607706022e+00,-9.753941336345992141e+00,1.315124563671572711e+00,3.352791456723880348e+00,1.115219521298257987e+01,1.636156711815266718e+01,-3.460022677428782778e+00,2.429320739076531677e+00,1.703546846032296003e+01,2.857581208017551777e+00,1.517598481321950565e+01,-1.712094632557737128e+01,2.197771198630232092e+01,-1.129335797092403837e+00,-1.006323580654121130e+01,1.206184924937945935e+00,-8.930247348717225364e+00,6.983937219678248098e+00,-1.732169766981053627e+00,4.014226357030518777e+00,-8.428175658990083363e+00,0.000000000000000000e+00,0.000000000000000000e+00,0.000000000000000000e+00,0.000000000000000000e+00,1.000000000000000000e+00,1.000000000000000000e+00,0.000000000000000000e+00,0.000000000000000000e+00,1.000000000000000000e+00,0.000000000000000000e+00,0.000000000000000000e+00,0.000000000000000000e+00,0.000000000000000000e+00,0.000000000000000000e+00,0.000000000000000000e+00,1.000000000000000000e+00,0.000000000000000000e+00,0.000000000000000000e+00,0.000000000000000000e+00,0.000000000000000000e+00,1.000000000000000000e+00
1.457863385043748128e+00,-9.879570108141466633e+00,-7.822945831616102019e+00,-5.985036736080908248e+00,1.007653701445955363e+01,-5.811412831924775091e+00,-1.549397115600862485e+01,2.329230000588535887e+01,1.569195070077892318e+01,-5.276500416752297085e+00,-1.387817208903127764e+00,5.570684113203529186e+00,-1.683471247379704394e+01,-8.050361504990066308e+00,7.687623058484322591e+00,-1.820731515949232104e+00,1.752865907277119817e+01,-9.657494313053776480e+00,-1.376923450911434799e+01,-1.142280648548989319e+01,2.157905093146781805e+00,-3.469358453877005033e+00,-6.872392589543349573e+01,-3.708554733581774787e+00,-1.802828131027479908e-02,1.027463222602703041e+01,2.345323025939929806e+00,3.725276030717894482e+00,5.910030401489470009e+00,7.651400471890690724e+00,-2.032281818347615143e+01,1.196507789837054858e+01,-1.861487396690152840e+00,1.295243667068954441e+00,-4.878678776749967305e+00,1.792168289106038870e+01,-2.447194163637888309e+01,1.463412725157606076e+01,-7.744485299936791911e+00,1.778026020116213246e+01,1.496892856036698127e+01,6.823449042290597788e+00,6.099123326685116808e+00,2.614016136033691140e+01,-6.240182423428313641e+00,-7.027379826748632041e+00,-6.414278138896781556e+00,1.360381833530893125e+01,-1.194300265269608374e+01,9.876179151990410077e+00,-4.966323199996641513e+00,-7.987915468675033992e+00,-1.161886224287032832e+01,-8.687235517557631681e+00,-1.477364550020690004e+01,5.937117111659438784e+00,8.753036458869431158e+00,5.939084569138056047e+00,-6.679530447573791996e+00,1.419975431770617691e+00,-4.512920562314620909e+00,6.019493863600268391e+00,1.536901556192517226e+00,-2.138932199159333081e+00,-2.059530383721601154e+01,-4.511354503388420589e+00,8.167010777483909578e-01,-5.815199396669902043e+00,-1.942193699312734889e+00,-1.484716445388499650e+01,-4.280712975395002395e+00,6.232468063328686192e+00,2.491678541181014239e+01,-9.451901595557899327e+00,1.572179543228817700e+00,-6.892673285773570413e+00,-2.762811637792702335e+00,-6.190712205530958911e+00,1.068374422862209450e+01,7.435636340690168211e+00,-6.510420216160636819e+00,1.816265827264722077e+00,1.748710930839075317e+01,1.530644012360721895e+00,1.797544673430744311e+01,-1.612889594482734879e+01,1.531747447170488030e+01,-4.120608818070198964e+00,-1.358699451035720074e+01,3.276489970213491087e+00,-1.400787378600712074e+01,5.538281651039328679e+00,-5.038340713121273851e+00,2.600611364088805999e+00,-1.379192734876034088e+01,0.000000000000000000e+00,1.000000000000000000e+00,0.000000000000000000e+00,0.000000000000000000e+00,0.000000000000000000e+00,1.000000000000000000e+00,0.000000000000000000e+00,0.000000000000000000e+00,0.000000000000000000e+00,1.000000000000000000e+00,0.000000000000000000e+00,0.000000000000000000e+00,0.000000000000000000e+00,0.000000000000000000e+00,0.000000000000000000e+00,1.000000000000000000e+00,0.000000000000000000e+00,0.000000000000000000e+00,1.000000000000000000e+00,0.000000000000000000e+00,0.000000000000000000e+00
4.708618646892681170e+00,-8.538796195106019837e+00,-3.823872138628772621e+00,-3.612112595706572282e+00,9.032807382552187292e+00,-6.186603902025305857e+00,-1.412207877479005447e+01,2.387331215677246732e+01,2.010327958260393544e+01,-5.480424312784357710e-01,-2.184546378014381229e+00,4.426230590539676157e+00,-1.746982420815663062e+01,-1.007422245658845661e+01,5.303178480745070367e+00,-1.829700360166975903e+00,2.532740128140520497e+01,-5.341499436561072400e+00,-9.263496300280660734e+00,-8.730586617558191875e+00,1.577375841780316090e+00,-2.322050073248436597e+00,-5.833091659658413164e+01,-4.181533676216002249e+00,2.793354919490392607e+00,8.802423613194257257e+00,-2.056341884170151069e+00,1.083702073885017647e+01,6.179653177622325799e+00,8.915081004661832509e+00,-1.473303857573114328e+01,9.562500938536535600e+00,2.791679734576911986e+00,8.835319098050251618e-01,-3.942206027705598359e+00,2.188322459840012257e+01,-1.712548024923657763e+01,1.771540114411672207e+01,-8.508433675926484696e+00,1.567346797567276973e+01,1.247811895655043202e+01,1.367628434966510831e+01,1.017831219616191518e+01,2.622491111422394283e+01,-6.912601152277122907e+00,-8.524229928034380066e+00,-6.736919588291303107e+00,1.041934237914873229e+01,-1.444892553366737076e+01,1.098207448256513530e+01,1.624314919177686445e+00,-8.766630959395715905e+00,-1.045741498391379665e+01,-1.126101309644355553e+01,-1.887351480106638135e+01,6.495035829400915617e+00,9.658466164936859499e+00,1.153941423063856320e+01,-2.893343322852758970e+00,7.145108260989739613e+00,1.083356692379716213e+00,1.231660167394039362e+01,8.535622415626045623e+00,1.600407877590665606e+00,-1.836006411519991133e+01,-3.814201073911704931e+00,2.151738614317579845e-01,-2.588759165054351108e+00,-2.863853953966380761e+00,-1.796034412625239796e+01,-2.008625447598729963e+00,9.137142402030919541e+00,2.021475795141674325e+01,-1.447151728108364210e+01,4.549936855576278916e+00,-9.741124316134680328e+00,1.639513136449060049e-01,-2.659233290674438144e-01,7.700402559218518128e+00,1.150933088386288361e+01,-5.452462764564304010e+00,-3.240207333686422331e+00,1.350064326200571685e+01,3.374949067625638843e-01,1.687794125661417866e+01,-1.346056977857790038e+01,1.723031725177384033e+01,-5.305508523427993062e+00,-1.121251328815761639e+01,-7.561191253921903943e-01,-1.022843122249410364e+01,7.831462177594191942e+00,-6.247402948783154386e+00,2.377536655371283558e+00,-9.301047479529845674e+00,0.000000000000000000e+00,0.000000000000000000e+00,0.000000000000000000e+00,1.000000000000000000e+00,0.000000000000000000e+00,1.000000000000000000e+00,0.000000000000000000e+00,1.000000000000000000e+00,0.000000000000000000e+00,0.000000000000000000e+00,0.000000000000000000e+00,0.000000000000000000e+00,0.000000000000000000e+00,0.000000000000000000e+00,1.000000000000000000e+00,0.000000000000000000e+00,1.000000000000000000e+00,0.000000000000000000e+00,0.000000000000000000e+00,0.000000000000000000e+00,0.000000000000000000e+00
3.116458107969802604e+00,-8.518712669907447577e+00,-6.796049533682919197e+00,-6.246629802797666109e+00,7.646285009881222727e+00,-3.118308727165449490e+00,-1.310256651986601639e+01,2.280121710480532826e+01,1.668020834359985827e+01,-3.357764985679451364e+00,-3.435920430796925107e+00,4.679089504863560123e+00,-1.416087915543812059e+01,-7.546359185074825504e+00,6.385083207013360962e+00,-5.479114098357145135e-01,2.015356721937024176e+01,-5.937087557310532837e+00,-1.079369095851358828e+01,-1.240438918661072343e+01,2.049407278607421112e+00,-1.719858494041031527e+00,-6.250241204059673805e+01,-3.468067374389531388e+00,2.780997500746725581e+00,1.171461874791176427e+01,-3.659735477747273702e+00,9.670728830221724692e+00,6.307601111807898953e+00,9.220627842900738003e+00,-1.349159305634609751e+01,1.341148479685115547e+01,-1.725387948377230085e+00,2.082901794854723043e+00,-5.795847844463317244e+00,1.796660102985299190e+01,-1.975210102448318494e+01,1.351990536644808039e+01,-9.644842550699300077e+00,1.520316230950487224e+01,9.254986538786234007e+00,1.237109307618155363e+01,1.534878939013695920e+01,2.661734602796872906e+01,-5.642949351348004683e+00,-7.447951249017469522e+00,-9.665808784773211926e+00,1.223639834678382243e+01,-1.377632798339516462e+01,1.185662836639705020e+01,-1.332116648104016088e+00,-9.468583597972903831e+00,-1.235914227908847529e+01,-8.343596542653761716e+00,-1.545888849991811220e+01,2.972039185149307539e+00,9.166327391884008691e+00,1.096929014007830183e+01,-8.207026319281508719e+00,4.642675162771348063e+00,9.841331850447896379e-01,7.107877006774390161e+00,4.525303986202457551e+00,1.407344435686396000e+00,-2.188843859961764338e+01,-3.265226940447233606e+00,1.467842156214217209e+00,-5.771931548181370886e+00,2.885923043780893038e-01,-1.763735442486539640e+01,-2.698224559895594954e+00,9.379821225488923275e+00,1.948295994186692326e+01,-1.182119752693587067e+01,4.734264435024686080e+00,-1.285920690278471845e+01,-1.703481842880901764e+00,-2.205561431552891083e+00,1.028223336245194730e+01,1.519805312130685948e+01,-3.563421077176636587e+00,-1.249720641510737362e+00,1.177521158332742068e+01,5.282579344974719149e+00,1.556968300315037723e+01,-1.312934193931082838e+01,1.937118763895668039e+01,-3.971639423916649037e+00,-1.028465779099932043e+01,-4.741494148398546771e-01,-9.117421816481286356e+00,6.627600579651933721e+00,-2.805530805931748972e+00,5.914351125781202256e+00,-1.124057346044762440e+01,0.000000000000000000e+00,1.000000000000000000e+00,0.000000000000000000e+00,0.000000000000000000e+00,0.000000000000000000e+00,1.000000000000000000e+00,0.000000000000000000e+00,1.000000000000000000e+00,0.000000000000000000e+00,0.000000000000000000e+00,0.000000000000000000e+00,0.000000000000000000e+00,0.000000000000000000e+00,0.000000000000000000e+00,1.000000000000000000e+00,0.000000000000000000e+00,0.000000000000000000e+00,0.000000000000000000e+00,0.000000000000000000e+00,0.000000000000000000e+00,1.000000000000000000e+00
-2.484498828871848808e+00,-1.102186523954060604e+01,-4.621481222787582333e+00,-9.753457024408275444e+00,7.339401393640183180e+00,-4.063331246433465438e+00,-1.718644645875548704e+01,2.047791887643091968e+01,9.425354968104977971e+00,-5.755946385489141726e+00,-1.158179351193536455e+01,2.487717791266573109e+00,-2.327802093165599118e+01,-8.984281105857320426e+00,5.875187582189456137e-01,-3.688340371611861457e+00,1.591678974852197648e+01,-9.829624468215474309e+00,-1.132112356598642222e+01,-7.778316119627103120e+00,-7.743567588539164603e+00,-3.693052318311444981e+00,-5.678587214189222721e+01,-4.928697691600161690e+00,2.350701687194116207e+00,1.005735908693867664e+01,-2.837214045493081649e+00,4.169024764440527164e+00,2.986005432854938135e+00,6.037238877512582036e+00,-1.453104686251124633e+01,8.204462880974517702e+00,-9.634055938651335804e-01,4.918105072036320080e-01,-6.628344780023213367e+00,1.997756872393753724e+01,-2.199643402622334420e+01,1.291880986073995530e+01,-8.366644166694776175e+00,1.581664456540096886e+01,6.145943114540943775e+00,1.341601217342451946e+01,6.017164352940011618e+00,1.947644300106277626e+01,-1.128005078430155628e+01,-1.061804123710152226e+01,-8.612581604322665285e+00,7.936642733471039435e+00,-1.900025478633736142e+01,9.495727731024496521e+00,-5.902255234836953690e+00,-1.159834178228009804e+01,-1.145070734191688011e+01,-1.043691287162965686e+01,-1.527267106011998443e+01,5.503121589720536555e+00,9.782188081844168437e+00,8.400112221333252194e+00,-7.721756383627010223e+00,1.044431776471886231e+00,2.304573298313013829e+00,6.231567433964743330e+00,6.117501474204116718e-01,-2.241759897312751271e+00,-1.918518478097967161e+01,-4.402107283798779136e+00,1.150096712472775395e-01,-1.086796310370721663e+01,4.334037118950483936e-01,-1.513216747705561538e+01,-5.742790484453510480e+00,4.995003538195501136e+00,1.924587533717900811e+01,-1.343659463456092418e+01,-2.284260272812792980e+00,-1.147064736766843218e+01,-4.380164672907975287e+00,-3.840438832109509981e+00,6.962373657913797587e+00,9.078293158537823260e+00,-3.109166154201384202e+00,-2.912778697834343511e+00,9.977448730050179293e+00,1.114128867936385658e+00,1.419177242354038349e+01,-1.978244391564834359e+01,1.398680581618078378e+01,-7.964085359109541962e+00,-1.201094952975744867e+01,-5.368875822216351956e+00,-1.499217360638330199e+01,6.935198488904180003e+00,-4.247898104867749325e+00,2.386041025659968007e+00,-1.085488336297650314e+01,0.000000000000000000e+00,0.000000000000000000e+00,0.000000000000000000e+00,0.000000000000000000e+00,1.000000000000000000e+00,1.000000000000000000e+00,0.000000000000000000e+00,1.000000000000000000e+00,0.000000000000000000e+00,0.000000000000000000e+00,0.000000000000000000e+00,0.000000000000000000e+00,0.000000000000000000e+00,0.000000000000000000e+00,1.000000000000000000e+00,0.000000000000000000e+00,0.000000000000000000e+00,0.000000000000000000e+00,0.000000000000000000e+00,1.000000000000000000e+00,0.000000000000000000e+00
4.362575084825033755e+00,-1.270644511766308327e+01,-2.771596271369810349e+00,-6.162573369157466452e+00,1.047221623104467270e+01,-3.265206336615491978e+00,-1.478342422120919331e+01,2.153546741635344475e+01,1.196134499546476349e+01,-1.707461973466195992e+00,-4.108426846276102218e+00,5.099735283776625216e+00,-2.158095730051959293e+01,-6.113202205155467084e+00,5.982805280761159139e+00,-4.561630322163048312e+00,2.095294289339985738e+01,-4.362123697070104278e+00,-1.319735340079187225e+01,-9.211415942423361258e+00,1.239773974141601398e+00,-1.164116890367639989e+00,-6.305647746466078019e+01,-7.420436723740054141e+00,1.158540917561016403e+00,1.018794662568395282e+01,-1.694063848256738947e+00,3.732202941540523344e+00,3.090317339202514280e+00,7.740443907612091223e+00,-1.623895577919912370e+01,1.258191473140414196e+01,-4.638643776630502202e-01,6.627800146052658548e+00,-3.528378756246914882e+00,1.205625663896551281e+01,-2.162286335722464869e+01,1.245595220714081286e+01,-8.356398756834540364e+00,1.641278249077890905e+01,1.525478283825023240e+01,6.149843101649579147e+00,9.550282528874088683e+00,2.328650922347227237e+01,-5.394475322216102597e+00,-9.236360246204615265e+00,-7.040999980570476602e+00,1.041571960640483674e+01,-1.063751495383714030e+01,8.748616119651146050e+00,-4.161800158473367262e+00,-8.073036427557113370e+00,-1.157739279988939529e+01,-6.950168125153010301e+00,-1.391180389474446066e+01,9.036655560486762440e+00,8.762738995280786369e+00,1.003364685072645912e+01,-4.897743323164402085e+00,3.132221978571134713e+00,2.340892677821832191e+00,1.076988499567136870e+01,4.430081270302470564e+00,-1.402221919999495192e+00,-2.121864855530406047e+01,-4.156160395717117595e+00,1.154479632569032077e+00,-1.113038467709151647e+01,-1.760850393586184337e+00,-1.693247803170735821e+01,2.153052441901731895e-01,4.681410393404335402e+00,2.409646726174563014e+01,-1.075311846732762966e+01,-2.240918386918453464e+00,-1.096002096751240451e+01,-2.387136064391658152e+00,-3.512080665120961065e+00,8.397474890462937935e+00,1.457341129694072457e+01,-7.510126015510535602e+00,-1.429535197055467943e+00,1.390442229912414440e+01,1.909381480332317249e+00,1.561465028929672449e+01,-2.081722883431995186e+01,1.982543950830450541e+01,-8.235861409847347048e-01,-1.528991026626131600e+01,2.300869856359767596e+00,-1.078049956918127350e+01,2.637459351841629385e+00,-9.725714029936147753e-01,3.217301523868000834e-01,-1.351892384117062207e+01,1.000000000000000000e+00,0.000000000000000000e+00,0.000000000000000000e+00,0.000000000000000000e+00,0.000000000000000000e+00,1.000000000000000000e+00,1.000000000000000000e+00,0.000000000000000000e+00,0.000000000000000000e+00,0.000000000000000000e+00,0.000000000000000000e+00,1.000000000000000000e+00,0.000000000000000000e+00,0.000000000000000000e+00,0.000000000000000000e+00,0.000000000000000000e+00,0.000000000000000000e+00,0.000000000000000000e+00,0.000000000000000000e+00,0.000000000000000000e+00,1.000000000000000000e+00
1.202227574860367465e+00,-1.086028794793072194e+01,-6.234469800951767837e+00,-7.639188355834339639e+00,6.583835177590534826e+00,-9.539840503926795279e+00,-1.343074742176151481e+01,1.889927296204668750e+01,1.313202886815692239e+01,-6.705645632789662081e+00,-3.185251586768695464e+00,4.423712275413604900e+00,-1.849411480664162255e+01,-1.261237030622257826e+01,2.298326499837259895e+00,-3.703270588530780838e+00,2.212216800312410570e+01,-8.599172498662515096e+00,-1.372800936121940119e+01,-1.710329886117116160e+01,-9.921225035557923455e-01,-2.408246600289502659e+00,-6.309666845160394644e+01,-5.838282560646776531e+00,-2.567397971760336794e+00,6.023453123021880629e+00,-1.938440192714145693e+00,6.055305911498518157e+00,6.311455813277728311e+00,1.310972451909480441e+01,-1.848191600593084871e+01,4.715953966743112069e+00,-3.966932240741445348e+00,5.619496372815124818e-01,-5.676075593543096431e+00,1.752427390528261952e+01,-2.301230031414305444e+01,1.410835343401888942e+01,-6.747174590969751584e+00,1.438642028745593926e+01,1.841657170496682383e+01,8.692103837400715349e+00,8.470866804919582549e+00,2.694341721166749792e+01,-9.437307962566086061e+00,-7.857860354017996762e+00,-5.922531931804066119e+00,7.769234145703906691e+00,-1.500648577901387526e+01,1.161036437264079169e+01,-3.858222179158723009e+00,-1.274998115730698345e+01,-1.534800818691394042e+01,-9.793849481796108591e+00,-1.751438355483417908e+01,2.079597145863148366e+00,7.555208314291087746e+00,8.356704825928607860e+00,-9.401460208344241565e+00,-7.625691165992285470e-01,4.008936644353017220e-01,8.464239352290153562e+00,3.423476860969208779e+00,-4.259531232459842220e-01,-2.102192231236753628e+01,-2.156677773026146383e+00,3.829751545318747397e+00,-7.115142543102938255e+00,-3.385311474068701809e+00,-1.427020774699649053e+01,-5.792503644204591851e+00,5.369245593191903865e+00,2.065116368301813310e+01,-1.043806302717538870e+01,-3.682634125328826169e+00,-1.464392765657809825e+01,-3.279674419599483137e+00,-1.867639952848575979e-01,6.501127666086871315e+00,9.526801961315458200e+00,-1.079128352474222829e+01,-6.454794480067038265e+00,1.139320104546708201e+01,-2.341996135012268887e+00,1.695994513051696373e+01,-1.807292229770968461e+01,1.960034994280853127e+01,-1.094801343334997590e+01,-1.193418556507096184e+01,3.040777013705575627e+00,-1.513936893393593941e+01,5.587747120672125867e+00,-8.527419019818669454e+00,2.071622538022275251e+00,-1.403064546765092047e+01,0.000000000000000000e+00,0.000000000000000000e+00,1.000000000000000000e+00,0.000000000000000000e+00,0.000000000000000000e+00,1.000000000000000000e+00,1.000000000000000000e+00,0.000000000000000000e+00,0.000000000000000000e+00,0.000000000000000000e+00,0.000000000000000000e+00,0.000000000000000000e+00,1.000000000000000000e+00,0.000000000000000000e+00,0.000000000000000000e+00,0.000000000000000000e+00,0.000000000000000000e+00,1.000000000000000000e+00,0.000000000000000000e+00,0.000000000000000000e+00,0.000000000000000000e+00
4.604414962262091682e-01,-1.233804702191605962e+01,-7.266815668862822264e+00,-9.805610221060923948e+00,9.124789296575567477e+00,-5.094857011908845656e+00,-1.956448273583599118e+01,2.146163361346085452e+01,9.897936359535723483e+00,-7.127281996569852396e+00,-9.457566035506633995e+00,1.732658153377224952e+00,-2.145300384321562959e+01,-1.206746922043874726e+01,-4.294624624649915900e-01,-4.962859489074589625e+00,1.493355406000189234e+01,-1.030396024143830402e+01,-1.293404861480659918e+01,-9.017650002398880815e+00,-2.510507440851920347e+00,-7.368315942619424241e+00,-6.228527421655434182e+01,-6.276576839519773188e+00,-2.256974081333799287e+00,8.043600558780783061e+00,-4.518411925086891934e+00,2.425561413551668988e+00,2.842667194759442850e+00,5.948222755571245912e+00,-2.156640721208316336e+01,5.601442187709221088e+00,-5.146748220444092858e+00,-3.528844225289368142e-01,-5.704614284755014531e+00,1.618584168446948723e+01,-2.533418594288987080e+01,1.265856851661537519e+01,-1.427174201918811569e+01,1.501455162214447547e+01,1.087799275674317556e+01,4.163675873834929320e+00,6.481103875574271811e+00,2.175597372044506272e+01,-1.043078450019437042e+01,-1.218300893310521360e+01,-5.897027174031389762e+00,4.963528306881095808e+00,-1.620580148108577134e+01,1.118508060155611794e+01,-6.869215867847716872e+00,-1.535567359242799412e+01,-1.260305466881225556e+01,-1.097920415386177773e+01,-1.693899979691297375e+01,5.667211542549823733e+00,5.689867877510332406e+00,5.103495242300595258e+00,-1.071398188514272221e+01,-3.682475004432159138e-01,-1.808422087171364989e+00,5.023542494910875789e+00,2.820549067285865075e+00,-4.580983651240857490e+00,-2.495268114478050592e+01,-7.461469308831713221e+00,-2.381227847511671492e+00,-1.177817198972539714e+01,-4.655088013664649083e+00,-1.353517065147580745e+01,-3.565646085566058776e+00,-9.177466380321056549e-01,2.358908004208096543e+01,-1.336084165693645431e+01,-4.958669773514669643e+00,-1.360859174238424885e+01,-5.049769318530912265e+00,-7.971197299056486330e+00,5.592802273844766248e+00,5.961265014117849148e+00,-5.693656345098366600e+00,-3.166506064100709228e+00,9.577248369739013611e+00,-1.081647690252481198e+00,1.200465200080835970e+01,-2.300994339136166289e+01,1.428770696029919129e+01,-1.151021366542421553e+01,-1.633255029743411768e+01,-4.295513091835026387e+00,-1.777447632267366373e+01,3.456054851938671124e+00,-1.175942844440839608e+01,-1.400798060170971526e+00,-1.096123150226882004e+01,1.000000000000000000e+00,0.000000000000000000e+00,0.000000000000000000e+00,0.000000000000000000e+00,0.000000000000000000e+00,1.000000000000000000e+00,0.000000000000000000e+00,1.000000000000000000e+00,0.000000000000000000e+00,0.000000000000000000e+00,0.000000000000000000e+00,0.000000000000000000e+00,0.000000000000000000e+00,0.000000000000000000e+00,1.000000000000000000e+00,0.000000000000000000e+00,0.000000000000000000e+00,0.000000000000000000e+00,0.000000000000000000e+00,1.000000000000000000e+00,0.000000000000000000e+00
